ID,Name,Email,Salary
DS0rahj2,Alejandro Geddes,alejandrogeddes@gmail.com,9000
rdqLpRdq,Alejandro Geddes,alejandrogeddes@gmail.com,9000
cOYL5qOe,Alejandro Klemp,alejandroklemp@yahoo.com,10000
EXXUcU9r,Alejandro Klemp,alejandroklemp@yandex.ru,11000
sobKT5n8,Alejandro Pingree,alejandropingree@ymail.ru,13000
pPC2fk2q,Anthony Wiers,anthonywiers@mail.ru,14000
vnNLUOwv,Arden Lupo,ardenlupo@yandex.ru,11000
TAhmtFYX,Arden Serna,ardenserna@hotmail.com,4000
9HPdmFW1,Augustine Howe,augustinehowe@ya.ru,13000
rZ8i7lh9,Augustine Lanz,augustinelanz@gmail.com,15000
bJAng7bz,Augustine Serna,augustineserna@yahoo.com,12000
kYRKsswx,Becki Pecora,beckipecora@ya.ru,6000
uexC15bI,Blythe Pingree,blythepingree@ya.ru,12000
O9uYwFjo,Blythe Wrona,blythewrona@rambler.ru,15000
VEHmvffj,Bong Menjivar,bongmenjivar@gmail.com,10000
o1xcQf12,Buffy Haslett,buffyhaslett@yahoo.com,5000
dTRuuBdx,Camellia Howe,camelliahowe@hotmail.com,6000
iWwKf9gb,Camellia Pingree,camelliapingree@yahoo.com,15000
xdrv3Lbo,Christeen Mischke,christeenmischke@rambler.ru,6000
TMO2oOkj,Christeen Pekar,christeenpekar@yahoo.com,15000
bCnBxIDZ,Clora Menjivar,cloramenjivar@yahoo.com,13000
xVOdXipi,Clora Pepper,clorapepper@yahoo.com,11000
1xjv2lTz,Clora Wrona,clorawrona@yahoo.com,8000
9yYT46JV,Diego Geddes,diegogeddes@gmail.com,11000
qMCoIlEP,Diego Grisby,diegogrisby@mail.ru,13000
IBlGSZe9,Dion Michaud,dionmichaud@yandex.ru,8000
ZV5non6L,Elida Badon,elidabadon@yahoo.com,10000
9ogxhO9H,Elida Redner,elidaredner@ymail.ru,11000
9sXMumDA,Erasmo Grumbles,erasmogrumbles@mail.ru,14000
XMlBFNLI,Gaylene Antes,gayleneantes@ymail.ru,6000
peHOoCvs,Georgianna Schewe,georgiannaschewe@ya.ru,12000
i3XTsNCS,Georgianna Wiers,georgiannawiers@gmail.com,15000
JaMJz0Ya,Jeanice Coby,jeanicecoby@gmail.com,6000
YBgYXUnX,Jeanice Drews,jeanicedrews@yahoo.com,5000
5XoOyVud,Jeanice Redner,jeaniceredner@ya,ru,6000
P6pf7gwI,Joan Pecora,joanpecora@rambler.ru,9000
keyudzFe,Laine Byron,lainebyron@gmail.com,10000
sRjknJpu,Laine Drews,lainedrews@hotmail.com,4000
BdGuqoka,Laine Stoval,lainestoval@hotmail.com,5000
kfGFN3gW,Larisa Howe,larisahowe@hotmail.com,14000
Eb2ckNYJ,Larisa Stoval,larisastoval@hotmail.com,8000
NOVEB7OR,Lawanda Badon,lawandabadon@yahoo.com,4000
Y1Z3sLDn,Lawanda Fetzer,lawandafetzer@gmail.com,12000
vsRxso6A,Leigha Volkman,leighavolkman@ymail.ru,12000
7SXCFpAI,Lloyd Kucera,lloydkucera@yandex.ru,6000
3crNtQD7,Lyndia Fleishman,lyndiafleishman@yahoo.com,7000
9RQivIRM,Margarete Grisby,margaretegrisby@yandex.ru,9000
aFpLh9fF,Margarett Serna,margarettserna@rambler.ru,10000
c0rVhXep,Margherita Lupo,margheritalupo@ya.ru,8000
wbnV1mJG,Margherita Schildgen,margheritaschildgen@gmail.com,8000
1damTzk1,Margherita Serna,margheritaserna@rambler.ru,14000
C4hrhdKy,Maribel Redner,maribelredner@gmail.com,14000
o4lco8Y9,Michele Wrona,michelewrona@ymail.ru,8000
ZtAy53oS,Nancie Damron,nanciedamron@rambler.ru,13000
Pq2EJicE,Nancie Latson,nancielatson@ymail.ru,6000
RWJBkaQd,Qiana Geddes,qianageddes@ya.ru,15000
x8aDbqLm,Qiana Serna,qianaserna@yahoo.com,9000
uvLojJkc,Randy Coby,randycoby@hotmail.com,4000
hSTE0P8q,Randy Haslett,randyhaslett@yahoo.com,6000
VEzGGJzO,Randy Schewe,randyschewe@hotmail.com,4000
jUnIBivi,Rebecka Badon,rebeckabadon@ymail.ru,6000
9i9rWiFT,Rebecka Michaud,rebeckamichaud@yandex.ru,7000
m7a7Bftk,Rebecka Serna,rebeckaserna@mail.ru,8000
gBWD7siT,Rubi Drews,rubidrews@hotmail.com,15000
D1qiDDWO,Rubi Mcnaught,rubimcnaught@gmail.com,6000
PHPMkJjx,Rubi Michaud,rubimichaud@yandex.ru,7000
SMgkiSjB,Samatha Latson,samathalatson@mail.ru,7000
UXuFVsr0,Sharie Grisby,shariegrisby@yahoo.com,6000
A5n8Kzqz,Sharie Schewe,sharieschewe@rambler.ru,11000
l40Sbffp,Stephania Fleishman,stephaniafleishman@yahoo.com,11000
MTKZ1h3H,Stephania Latson,stephanialatson@yahoo.com,5000
why4xzxW,Tama Haslett,tamahaslett@yahoo.com,14000
OBJW0A1L,Tami Lanz,tamilanz@mail.ru,11000
XFMLFHB0,Thomas Antes,thomasantes@mail.ru,13000
IkXgjQb6,Thomas Noren,thomasnoren@yahoo.com,13000
YPkIkExn,Tomi Schildgen,tomischildgen@yahoo.com,13000
9QwaIKWp,Tyisha Kazmierczak,tyishakazmierczak@hotmail.com,4000
ePqJPpNt,Yuri Mischke,yurimischke@yandex.ru,13000
CwVZxER5,Zonia Kucera,zoniakucera@ya.ru,13000
qra1uOOd,Zonia Lupo,zonialupo@yahoo.com,12000
SRO4UZI3,Zonia Noren,zonianoren@rambler.ru,10000
s75awjEr,Zonia Pecora,zoniapecora@gmail.com,11000
44t5ZpNN,Zonia Pepper,zoniapepper@gmail.com,15000
SYrQAAAr,Zonia Ramage,zoniaramage@yandex.ru,11000
RaJpubO3,Пустая строка,tamihaslett@gmail.com,14000
